{
  "project_info": {
    "project_number": "51568494073",
    "project_id": "hidayaat-secretary-a4134",
    "storage_bucket": "hidayaat-secretary-a4134.firebasestorage.app"
  },
  "client": [
    {
      "client_info": {
        "mobilesdk_app_id": "1:51568494073:android:5dc276e4dec280f941a928",
        "android_client_info": {
          "package_name": "com.hidayaat.secretary"
        }
      },
      "oauth_client": [],
      "api_key": [
        {
          "current_key": "AIzaSyCsSQLl62R8biCkum1zLgtl3wSzWVEBZV8"
        }
      ],
      "services": {
        "appinvite_service": {
          "other_platform_oauth_client": []
        }
      }
    }
  ],
  "configuration_version": "1"
}